{"disabled": false, "mod": 0, "conflicts": [], "max_point_version": 0, "min_point_version": 0, "branch_index": 0, "config": {"animation": false, "change answer buttons": true, "date_format": "iso", "heatmap_position": "default", "local": {"Average": "Average", "Cards": "Cards", "Done in": "Done in", "Due": "Due", "Learn": "Learn", "Learning": "Learning", "Mature": "Mature", "New": "New", "Notes": "Notes", "Review": "Review", "Suspended": "Suspended", "Total": "Total", "Unseen": "Unseen", "Young": "Young", "cards/minute": "cards/minute", "day": "day", "days": "days", "minute": "minute", "minutes": "minutes", "more": "more"}, "note_correction_factors": {"English": 2, "Fr": 2}, "theme": "starry"}}
