{

    "overlay-color1"    : "rgba(41, 41, 43,0.8)",
    "overlay-color2"    : "rgba(41, 41, 43,0.8)",
    "heatmap-background":true,

    "gear-icon-color"   :" rgba(171, 189, 198,1)",
    "buttons-color"     : "rgba(66, 66, 66,1)",
    "buttons-label-color"  : "rgba(255, 255, 255,1)", 
    "bottombar-color"   : "rgba(47, 47, 49,1)",
    "topbar-color"      : "rgba(66, 66, 66,1)",
    "topbar-position"   : "left",


    "large-areas-color"     : "rgba(56, 56, 58 , 0.7) ",
    "decks-border-color"    : "rgba(56, 56, 58 , 1) ",
    "decks-font-color"      : "rgba(255,255,255,1)",
    "decks-font-size"        :"13px",
    "decks-font-family"        :"inherit",
    "decks-font-src"        :"",

    "filtered-deck-color"   : "rgba(130, 187, 240,1)",
    "DECK-BROWSER": {

                
        "review-count-background-color" : " rgba(76, 175, 80,1)",
        "review-count-color" : "rgb(255, 255, 255,1)",
        "new-count-background-color" : "rgba(63, 81, 181,1)",
        "new-count-color" : "rgb(255, 255, 255,1)",


        "wedgits-font-size"     :"13px",
        "wedgits-font-family"   :"Raleway",
        "wedgits-font-src"      :"Raleway.ttf",
        "wedgits-font-color" : "rgba(238, 238, 238,1)" ,



        "overview-wedgit-bg"    : "rgba(0, 96, 100,1)" ,
        "average-wedgit-bg"     : "rgba(136, 14, 79,1)" ,
        "remaining-wedgit-bg"   : "rgba(183, 28, 28,1)" ,
        "new-wedgit-bg"         : "rgba(13, 71, 161,1)" ,
        "due-wedgit-bg"         : "rgba(27, 94, 32,1)" ,
        "total-wedgit-bg"       : "rgba(74, 20, 140,1)" 
       

        
    } ,
    "DECK-OVERVIEW" :{

        "deck-name-font-size":"70px",
        "deck-name-font-family":"fantasy",
        "deck-name-font-src"        :"",

        "wedgits-font-size"     :"13px",
        "wedgits-font-family"   :"Raleway",
        "wedgits-font-src"      :"Raleway.ttf",
        "wedgits-font-color"    : "rgba(255, 255, 255,1)",


        "total-notes-wedgit-bg" : "rgba(0, 96, 100,1)" ,
        "remaining-wedgit-bg"   : "rgba(245, 127, 23,1)" ,
        "new-wedgit-bg"         : "rgba(1, 87, 155,1)" ,
        "learning-wedgit-bg"    : "rgba(191, 54, 12,1)" ,
        "review-wedgit-bg"      : "rgba(27, 94, 32,1)" ,
        "total-wedgit-bg"       : "rgba(49, 27, 146,1)" ,

        


    
    
    "PIE-CHART":{
        "wedgits-font-color" : "rgba(255, 255, 255,1)"

    }
    }

}